University,URL
Pennsylvania State University Abington,abington.psu.edu
Adrian College,adrian.edu
Allegheny College,allegheny.edu
Southern Christian University,amridgeuniversity.edu
Asbury Theological Seminary,asburyseminary.edu
Austin Graduate School of Theology,austingrad.edu
Barnard College,barnard.edu
Belmont Abbey College,belmontabbeycollege.edu
University of California Berkeley,berkeley.edu
Berkeley College,berkeleycollege.edu
Blackburn College,blackburn.edu
Baptist Missionary Association Theological Seminary,bmats.edu
Bowie State University,bowiestate.edu
Pennsylvania State University Delaware County,brandywine.psu.edu
Brevard College,brevard.edu
Brigham Young University-Hawaii,byuh.edu
Philadelphia Biblical University,cairn.edu
California Institute of the Arts,calarts.edu
Arizona State University Polytechnic Campus,campus.asu.edu
Arizona State University West,campus.asu.edu
Capitol College,captechu.edu
Catawba College,catawba.edu
Cincinnati Christian University,ccuniversity.edu
Church Divinity School of the Pacific,cdsp.edu
Ecole Centrale de Nantes,centralenantesetudes.fr
Claremont Graduate University,cgu.edu
Chowan College,chowan.edu
Ball State University,cms.bsu.edu
Christopher Newport University,cnu.edu
Corcoran College of Art and Design,corcoran.gwu.edu
Cranbrook Academy of Art,cranbrookart.edu
California State University Monterey Bay,csumb.edu
Dartmouth College,dartmouth.edu
Denison University,denison.edu
Dixie State College,dixie.edu
Dakota State University,dsu.edu
Duke University,duke.edu
College of Eastern Utah,eastern.usu.edu
Laura and Alvin Siegal College of Judaic Studies,ech.case.edu
Polytechnic University of New York,engineering.nyu.edu
Purdue University School of Technology at Indianapolis,engr.iupui.edu
Ecole Nationale Superieure d'Ingenieurs Electriciens de Grenoble,ense3.grenoble-inp.fr
Evergreen State College,evergreen.edu
College of Saint Thomas More,fishermore.edu
Florida Metropolitan University,fmu.edu
Franciscan School of Theology,fst.edu
Fuller Theological Seminary,fuller.edu
York University,futurestudents.yorku.ca
Augusta State University,gru.edu
Medical College of Georgia,gru.edu
Georgia Southwestern State University,gsw.edu
Graduate Theological Union,gtu.edu
Pennsylvania State University Harrisburg,harrisburg.psu.edu
University of Hawaii Hilo,hilo.hawaii.edu
SUNY College at Fredonia,home.fredonia.edu
Hobe Sound Bible College,hsbc.edu
Huston-Tillotson University,htu.edu
Hebrew Union College-Jewish Institute of Religion,huc.edu
University of Illinois Urbana-Champaign,illinois.edu
Illinois State University,illinoisstate.edu
Institute for the Psychological Sciences,ipsciences.edu
Florida Christian College,johnsonu.edu
Keuka College,keuka.edu
Kentucky State University,kysu.edu
La Sierra University,lasierra.edu
University of La Verne,laverne.edu
Pennsylvania State University Dickinson School of Law,law.psu.edu
Franklin Pierce Law Center,law.unh.edu
Life Pacific College,lifepacific.edu
Ohio State University Lima,lima.osu.edu
Arnold and Marie Schwartz College of Pharmacy and Health Sciences,liu.edu
Long Island University Brentwood Campus,liu.edu
Long Island University C.W. Post Campus,liu.edu
Long Island University Rockland Graduate Campus,liu.edu
University of Louisville,louisville.edu
University of Maine Machias,machias.edu
University of New Hampshire at Manchester,manchester.unh.edu
Manhattan College,manhattan.edu
University of Hawaii Manoa,manoa.hawaii.edu
Ohio State University Mansfield,mansfield.osu.edu
Memphis College of Art,mca.edu
Minneapolis College of Art and Design,mcad.edu
University of Missouri Columbia,missouri.edu
Pennsylvania State University Mont Alto,montalto.psu.edu
Mountain State University,mountainstate.edu
Mount Saint Mary's University,msmary.edu
Michigan State University,msu.edu
Trinity University,new.trinity.edu
Rutgers University New Brunswick/Piscataway,newbrunswick.rutgers.edu
New College of California,newcollege.edu
Newman University,newmanu.edu
North Central College,northcentralcollege.edu
National University of Singapore,nus.edu.sg
Oklahoma State University Stillwater,okstate.edu
Oregon State University,oregonstate.edu
Ohio State University Marion,osumarion.osu.edu
Parker College of Chiropractic,parker.edu
Patten College,patten.edu
Platt College,plattcollege.edu
Atlanta Christian College,point.edu
Purdue University College of Technology at South Bend/Elkhart,polytechnic.purdue.edu
Purdue University School of Technology at Anderson/Muncie,polytechnic.purdue.edu
Purdue University School of Technology at Columbus/Greensburg,polytechnic.purdue.edu
Purdue University School of Technology at Kokomo,polytechnic.purdue.edu
Purdue University School of Technology at New Albany,polytechnic.purdue.edu
Purdue University School of Technology at Richmond,polytechnic.purdue.edu
"Pennsylvania State University Behrend College, Erie",psbehrend.psu.edu
University of Medicine and Dentistry of New Jersey,rbhs.rutgers.edu
Institute of Paper Science and Technology,rbi1.gatech.edu
Reformed Bible College,reformationbiblecollege.org
Roanoke College,roanoke.edu
Rensselaer Polytechnic Institute,rpi.edu
College of Santa Fe,santafeuniversity.edu
San Diego Christian College,sdcc.edu
South Florida Bible College and Theological Seminary,sfbc.edu
Siena Heights University,sienaheights.edu
Simon's Rock College,simons-rock.edu
Simpson University,simpsonu.edu
John Carroll University,sites.jcu.edu
Southern Illinois University Carbondale,siu.edu
Southern Nazarene University,snu.edu
Washington State University Spokane campus,spokane.wsu.edu
Seattle Pacific University,spu.edu
Episcopal Theological Seminary of the Southwest,ssw.edu
University of Saint Mary,stmary.edu
Sullivan University,sullivan.edu
SUNY College at Buffalo [Buffalo State College],suny.buffalostate.edu
SUNY Institute of Technology at Utica/Rome,sunypoly.edu
Southwestern Baptist Theological Seminary,swbts.edu
University of Sydney,sydney.edu.au
Tabor College,tabor.edu
Texas A and M University Health Science Center,tamhsc.edu
The College of New Jersey,tcnj.pages.tcnj.edu
Troy State University-Florida Region,trojan.troy.edu
Troy University Dothan campus,trojan.troy.edu
Troy University Montgomery campus,trojan.troy.edu
Technische Universitat Dresden,tu-dresden.de
Technische Universitat Bergakademie Freiberg,tu-freiberg.de
Tulane University,tulane.edu
University of Minnesota Twin Cities,twin-cities.umn.edu
Texas Wesleyan University,txwes.edu
University of Arkansas Fort Smith,uafs.edu
University of Alberta,ualberta.ca
University of Central Arkansas,uca.edu
University of California Davis,ucdavis.edu
University of California Irvine,uci.edu
University of Connecticut,uconn.edu
University of California San Diego,ucsd.edu
University of Maine Orono,umaine.edu
University of Manitoba,umanitoba.ca
University of Michigan Dearborn,umdearborn.edu
University of Michigan Ann Arbor,umich.edu
University of Mobile,umobile.edu
University of North Carolina Wilmington,uncw.edu
University of North Dakota,und.edu
North Georgia College and State University,ung.edu
University of Oregon,uoregon.edu
University of Science and Arts of Oklahoma,usao.edu
University of South Carolina Lancaster,usclancaster.sc.edu
University of South Carolina Union,uscunion.sc.edu
United States Sports Academy,ussa.edu
University of Texas San Antonio,utsa.edu
Union Theological Seminary,utsnyc.edu
University of Tulsa,utulsa.edu
University of Waterloo,uwaterloo.ca
University of West Florida,uwf.edu
George Washington University Virginia Campus,virginia.gwu.edu
George Washington University-Virginia Campus,virginia.gwu.edu
Wagner College,wagner.edu
Warner Southern College,warner.edu
Wayne State University,wayne.edu
Illinois Institute of Technology,web.iit.edu
Massachusetts Institute of Technology,web.mit.edu
Southern Arkansas University,web.saumag.edu
Webber International University,webber.edu
Purdue University Calumet,webs.purduecal.edu
University of Miami,welcome.miami.edu
Western International University,west.edu
Western Michigan University,wmich.edu
Western New England College,wne.edu
Woodbury University,woodbury.edu
Washington State University,wsu.edu
Washington University in St. Louis,wustl.edu
Otto-von-Guericke Universitat Magdeburg,www.uni-magdeburg.de
McMurry University,ww2.mcm.edu
Hochschule Darmstadt,www.h-da.de
Pennsylvania State University Altoona,www.aa.psu.edu
Alabama A and M University,www.aamu.edu
Aalborg University,www.aau.dk
University of Aberdeen,www.abdn.ac.uk
American College of Education [IL],www.ace.edu
Albany College of Pharmacy,www.acphs.edu
Abilene Christian University,www.acu.edu
Adams State College,www.adams.edu
DeVry University-DuPage,www.add.devry.edu
Adelphi University,www.adelphi.edu
Adler School of Professional Psychology,www.adler.edu
Florida Hospital College of Health Sciences,www.adu.edu
Air Force Institute of Technology,www.afit.edu
Agnes Scott College,www.agnesscott.edu
American International College,www.aic.edu
American Indian College of the Assemblies of God,www.aicag.edu
American InterContinental University,www.aiuniv.edu
University of Judaism,www.aju.edu
Alaska Bible College,www.akbible.edu
University of Alaska,www.alaska.edu
Alaska Pacific University,www.alaskapacific.edu
Alabama State University,www.alasu.edu
SUNY Albany,www.albany.edu
Albion College,www.albion.edu
Carlos Albizu University-Miami,www.albizu.edu
Albright College,www.albright.edu
Alcorn State University,www.alcorn.edu
Alfred University,www.alfred.edu
SUNY College of Technology at Alfred [Alfred State University],www.alfredstate.edu
Allen College,www.allencollege.edu
Alliant International University,www.alliant.edu
Alma College,www.alma.edu
Alvernia College,www.alvernia.edu
Alverno College,www.alverno.edu
Ambassador University [closed spring 1997],www.ambassador.edu
Amberton University,www.amberton.edu
Albany Medical College,www.amc.edu
American University,www.american.edu
Amherst College,www.amherst.edu
Anderson University,www.anderson.edu
Andrews University,www.andrews.edu
Angelo State University,www.angelo.edu
Anna Maria College,www.annamaria.edu
Saint Anselm College,www.anselm.edu
Antioch College,www.antiochcollege.org
Antioch University-Los Angeles,www.antiochla.edu
Antioch University-Seattle,www.antiochseattle.edu
Australian National University,www.anu.edu.au
Appalachian State University,www.appstate.edu
Austin Peay State University,www.apsu.edu
Azusa Pacific University,www.apu.edu
Aquinas College,www.aquinas.edu
Spring Arbor University,www.arbor.edu
Arcadia University,www.arcadia.edu
Argosy University,www.argosy.edu
University of Arizona,www.arizona.edu
Arkansas Baptist College,www.arkansasbaptist.edu
Arlington Baptist College,www.arlingtonbaptistcollege.edu
Armstrong Atlantic State University,www.armstrong.edu
Art Academy of Cincinnati,www.artacademy.edu
Art Center College of Design,www.artcenter.edu
Art Institute of Atlanta,www.artinstitutes.edu
Art Institute of Dallas,www.artinstitutes.edu
Art Institute of Houston,www.artinstitutes.edu
Art Institute of Portland,www.artinstitutes.edu
Art Institute of Seattle,www.artinstitutes.edu
Miami International University of Art and Design,www.artinstitutes.edu
Asbury College,www.asbury.edu
Ashland University,www.ashland.edu
Assumption College,www.assumption.edu
"Arkansas State University, Jonesboro",www.astate.edu
Arizona State University,www.asu.edu
Albany State University,www.asurams.edu
Athens State University,www.athens.edu
University of Devry-Georgia,www.atl.devry.edu
Arkansas Tech University,www.atu.edu
Air University,www.au.af.mil
Auburn University,www.auburn.edu
Atlantic Union College,www.auc.edu
University of Auckland,www.auckland.ac.nz
Augsburg College,www.augsburg.edu
Augustana College,www.augustana.edu
Auburn University at Montgomery,www.aum.edu
Aurora University,www.aurora.edu
Austin College,www.austincollege.edu
Austin Presbyterian Theological Seminary,www.austinseminary.edu
Averett College,www.averett.edu
Avila College,www.avila.edu
Babson College,www.babson.edu
Bacone College,www.bacone.edu
Baker College,www.baker.edu
Baker University,www.bakeru.edu
Bank Street College of Education,www.bankstreet.edu
The Baptist College of Florida,www.baptistcollege.edu
Barclay College,www.barclaycollege.edu
Bard College,www.bard.edu
Barry University,www.barry.edu
Barton College,www.barton.edu
City University of New York Baruch College,www.baruch.cuny.edu
Bastyr University,www.bastyr.edu
Bates College,www.bates.edu
Bauder College,www.bauder.edu
Baylor University,www.baylor.edu
Bay Path College,www.baypath.edu
Baptist Bible College,www.bbc.edu
Boston College,www.bc.edu
Baptist Memorial College of Health Sciences,www.bchs.edu
British Columbia Institute of Technology,www.bcit.ca
Baylor College of Medicine,www.bcm.edu
Beacon College,www.beaconcollege.edu
Becker College,www.becker.edu
Belhaven College,www.belhaven.edu
Bellevue University,www.bellevue.edu
Belmont University,www.belmont.edu
Bemidji State University,www.bemidjistate.edu
Benedictine University,www.ben.edu
Benedictine College,www.benedictine.edu
Bennett College,www.bennett.edu
Bentley College,www.bentley.edu
Berea College,www.berea.edu
Berklee College of Music,www.berklee.edu
Berry College,www.berry.edu
Bethany College,www.bethanylb.edu
Bethel College,www.bethelcollege.edu
Benjamin Franklin Institute of Technology,www.bfit.edu
Boston Graduate School of Psychoanalysis,www.bgsp.edu
Bowling Green State University,www.bgsu.edu
Washington Bible College,www.bible.edu
Washington Bible College/Capital Bible Seminary,www.bible.edu
SUNY Binghamton,www.binghamton.edu
Biola University,www.biola.edu
Pennsylvania State University Berks,www.bk.psu.edu
Bloomfield College,www.bloomfield.edu
Bloomsburg University of Pennsylvania,www.bloomu.edu
Bluefield College,www.bluefield.edu
Bluffton University,www.bluffton.edu
Blue Mountain College,www.bmc.edu
Boise State University,www.boisestate.edu
Boricua College,www.boricuacollege.edu
Boston Conservatory,www.bostonconservatory.edu
Bowdoin College,www.bowdoin.edu
Brewton-Parker College,www.bpc.edu
Pennsylvania State University Beaver,www.br.psu.edu
Bradley University,www.bradley.edu
Brandeis University,www.brandeis.edu
Brenau University,www.brenau.edu
University of Bridgeport,www.bridgeport.edu
Bridgewater State College,www.bridgew.edu
Bridgewater College,www.bridgewater.edu
University of Bristol,www.bristol.ac.uk
SUNY College at Brockport,www.brockport.edu
Brock University,www.brocku.ca
City University of New York Brooklyn College,www.brooklyn.cuny.edu
Brown University,www.brown.edu
Bryan College,www.bryan.edu
Bryn Athyn College of the New Church,www.brynathyn.edu
Bryn Mawr College,www.brynmawr.edu
Barber-Scotia College,www.b-sc.edu
Birmingham-Southern College,www.bsc.edu
Brandenburgische Technische Universitat Cottbus,www.b-tu.de
Boston University,www.bu.edu
Bethesda Christian University,www.buc.edu
Bucknell University,www.bucknell.edu
SUNY Buffalo,www.buffalo.edu
Butler University,www.butler.edu
Baldwin-Wallace College,www.bw.edu
Brigham Young University,www.byu.edu
Cabrini College,www.cabrini.edu
California Baptist University,www.calbaptist.edu
Caldwell College,www.caldwell.edu
California Lutheran University,www.callutheran.edu
"California Polytechnic State University, San Luis Obispo",www.calpoly.edu
California State University Los Angeles,www.calstatela.edu
California Institute of Technology,www.caltech.edu
California University of Pennsylvania,www.calu.edu
Calvin College,www.calvin.edu
University of Cambridge,www.cam.ac.uk
Cambridge College,www.cambridgecollege.edu
Rutgers University Camden,www.camden.rutgers.edu
Cameron University,www.cameron.edu
Campbell University,www.campbell.edu
Campbellsville University,www.campbellsville.edu
Canisius College,www.canisius.edu
SUNY College of Technology at Canton,www.canton.edu
Capella University,www.capella.edu
Capital University,www.capital.edu
Carlow College,www.carlow.edu
Carroll College,www.carroll.edu
Case Western Reserve University,www.case.edu
Clark Atlanta University,www.cau.edu
Cazenovia College,www.cazenovia.edu
Central Baptist College,www.cbc.edu
Christian Brothers University,www.cbu.edu
California College of the Arts,www.cca.edu
Columbus College of Art and Design,www.ccad.edu
Concordia College-Selma,www.ccal.edu
Calumet College of St. Joseph,www.ccsj.edu
Central Connecticut State University,www.ccsu.edu
Colorado Christian University,www.ccu.edu
Charles R. Drew University of Medicine and Science,www.cdrewu.edu
Cedar Crest College,www.cedarcrest.edu
Cedarville University,www.cedarville.edu
Centenary College of Louisiana,www.centenary.edu
Centenary College,www.centenarycollege.edu
Central College,www.central.edu
Central Christian College,www.centralchristian.edu
Central Methodist University,www.centralmethodist.edu
Central State University,www.centralstate.edu
United States Coast Guard Academy,www.cga.edu
Chalmers University of Technology,www.chalmers.se
Chaminade University,www.chaminade.edu
David N. Myers University,www.chancelloru.edu
Chapman University,www.chapman.edu
Chatham College,www.chatham.edu
Chestnut Hill College,www.chc.edu
Chesapeake College,www.chesapeake.edu
Cheyney University,www.cheyney.edu
Chipola College,www.chipola.edu
Christendom College,www.christendom.edu
Cleveland Institute of Art,www.cia.edu
Culinary Institute of America,www.ciachef.edu
California Institute of Integral Studies,www.ciis.edu
Cleveland Institute of Music,www.cim.edu
City University,www.cityu.edu
Claflin University,www.claflin.edu
Clarion University of Pennsylvania,www.clarion.edu
Clarke College,www.clarke.edu
Clarkson University,www.clarkson.edu
Clark University,www.clarku.edu
Clayton College and State University,www.clayton.edu
Clearwater Christian College,www.clearwater.edu
Cleary College,www.cleary.edu
Clemson University,www.clemson.edu
Cleveland Chiropractic College,www.cleveland.edu
Central Michigan University,www.cmich.edu
Carnegie Mellon University,www.cmu.edu
Carson-Newman College,www.cn.edu
College of New Rochelle,www.cnr.edu
College of the Atlantic,www.coa.edu
College of DuPage,www.cod.edu
College of the Ozarks,www.cofo.edu
Cogswell Polytechnical College,www.cogswell.edu
Henry Cogswell College,www.cogswell.edu
Colgate University,www.colgate.edu
College for Creative Studies,www.collegeforcreativestudies.edu
Albertson College of Idaho,www.collegeofidaho.edu
University of Colorado Boulder,www.colorado.edu
Colorado College,www.coloradocollege.edu
Colorado Technical University,www.coloradotech.edu
Colorado State University,www.colostate.edu
Columbia College,www.colum.edu
Columbia University,www.columbia.edu
Columbus State University,www.columbusstate.edu
Concord University,www.concord.edu
Concordia University-Austin,www.concordia.edu
Concordia College-Bronxville,www.concordia-ny.edu
Connecticut College,www.conncoll.edu
Bethune-Cookman College,www.cookman.edu
The Cooper Union for the Advancement of Science and Art,www.cooper.edu
Coppin State University,www.coppin.edu
Cornell University,www.cornell.edu
Cornell College,www.cornellcollege.edu
Cornerstone University,www.cornerstone.edu
SUNY College at Cortland,www.cortland.edu
Covenant College,www.covenant.edu
"California State Polytechnic University, Pomona",www.cpp.edu
California Pacific University,www.cpu.edu
Cranfield University,www.cranfield.ac.uk
Creighton University,www.creighton.edu
Criswell College,www.criswell.edu
University of Minnesota Crookston,www.crk.umn.edu
University of Toronto,www.cs.toronto.edu
College of Saint Elizabeth,www.cse.edu
City University of New York College of Staten Island,www.csi.cuny.edu
Chicago State University,www.csu.edu
California State University Bakersfield,www.csub.edu
California State University Chico,www.csuchico.edu
California State University Channel Islands,www.csuci.edu
California State University Dominguez Hills,www.csudh.edu
California State University East Bay,www.csueastbay.edu
California State University Long Beach,www.csulb.edu
California Maritime Academy,www.csum.edu
California State University Northridge,www.csun.edu
Cleveland State University,www.csuohio.edu
Colorado State University-Pueblo,www.csupueblo.edu
California State University Sacramento,www.csus.edu
California State University San Bernardino,www.csusb.edu
California State University San Marcos,www.csusm.edu
California State University Stanislaus,www.csustan.edu
Christian Theological Seminary,www.cts.edu
Concordia Theological Seminary-Fort Wayne,www.ctsfw.edu
The Catholic University of America,www.cua.edu
Concordia College-Ann Arbor,www.cuaa.edu
Concordia University,www.cuchicago.edu
Concordia University-River Forest,www.cuchicago.edu
Concordia University-Irvine,www.cui.edu
Cumberland University,www.cumberland.edu
City University of New York City College,www.cuny.edu
City University of New York New York City College of Technology,www.cuny.edu
Concordia University-Portland,www.cu-portland.edu
Curry College,www.curry.edu
Curtis Institute of Music,www.curtis.edu
Concordia University-Wisconsin,www.cuw.edu
Central Washington University,www.cwu.edu
University of Minnesota Duluth,www.d.umn.edu
Daemen College,www.daemen.edu
Dalhousie University,www.dal.ca
DeVry University-Dallas,www.dal.devry.edu
Dallas Christian College,www.dallas.edu
Dalton State College,www.daltonstate.edu
Davenport University,www.davenport.edu
Davidson College,www.davidson.edu
University of Dubuque,www.dbq.edu
Dallas Baptist University,www.dbu.edu
Dominican College,www.dc.edu
Defiance College,www.defiance.edu
SUNY College of Technology at Delhi,www.delhi.edu
Delta State University,www.deltastate.edu
Delaware Valley College,www.delval.edu
DePaul University,www.depaul.edu
DePauw University,www.depauw.edu
DeSales University,www.desales.edu
Delaware State University,www.desu.edu
DeVry University,www.devry.edu
DeVry University-Chicago,www.devry.edu
DeVry University-Crystal City,www.devry.edu
DeVry University-Orlando,www.devry.edu
DeVry University-Pomona,www.devry.edu
Davis and Elkins College,www.dewv.edu
Dickinson College,www.dickinson.edu
Dickinson State University,www.dickinsonstate.edu
DigiPen Institute of Technology,www.digipen.edu
Dillard University,www.dillard.edu
Defense Language Institute,www.dliflc.edu
Des Moines University-Osteopathic Medical Center,www.dmu.edu
Dominican University,www.dom.edu
Dominican University of California,www.dominican.edu
Dowling College,www.dowling.edu
SUNY Downstate Medical Center,www.downstate.edu
Drake University,www.drake.edu
Drew University,www.drew.edu
Drexel University,www.drexel.edu
Pennsylvania State University DuBois,www.ds.psu.edu
Dominican School of Philosophy and Theology,www.dspt.edu
Dallas Theological Seminary,www.dts.edu
Technical University of Denmark,www.dtu.dk
University of Denver,www.du.edu
Duquesne University,www.duq.edu
Daniel Webster College,www.dwc.edu
Dakota Wesleyan University,www.dwu.edu
D闂傚倷鑳堕崢褔鎮洪妸褏纾奸柕濞у嫮鍊瀘uville College,www.dyc.edu
Earlham College,www.earlham.edu
Eastern College,www.easterncollege.edu
East-West University,www.eastwest.edu
European Business School Schlob Reichartshausen,www.ebs.edu
Eckerd College,www.eckerd.edu
East Central University,www.ecok.edu
ECPI College of Technology,www.ecpi.edu
Elizabeth City State University,www.ecsu.edu
East Carolina University,www.ecu.edu
Edinboro University of Pennsylvania,www.edinboro.edu
Emory and Henry College,www.ehc.edu
Eastern Illinois University,www.eiu.edu
Eastern Kentucky University,www.eku.edu
Elmhurst College,www.elmhurst.edu
Elmira College,www.elmira.edu
Elms College,www.elms.edu
Elon University,www.elon.edu
Emerson College,www.emerson.edu
Eastern Michigan University,www.emich.edu
Emmanuel College,www.emmanuel.edu
Emory University,www.emory.edu
Emporia State University,www.emporia.edu
Eastern Mennonite University,www.emu.edu
Ludwig-Maximilians-Universitat Munchen,www.en.uni-muenchen.de
Eastern Nazarene College,www.enc.edu
Eastern New Mexico University,www.enmu.edu
Eastern Oregon University,www.eou.edu
Swiss Federal Institute of Technology - Lausanne,www.epfl.ch
Embry-Riddle Aeronautical University,www.erau.edu
Erikson Institute,www.erikson.edu
SUNY Empire State College,www.esc.edu
SUNY College of Environmental Science and Forestry,www.esf.edu
Ecole Superieure des Sciences Economiques et Commerciales,www.essec.fr
East Texas Baptist University,www.etbu.edu
Swiss Federal Institute of Technology - Zurich,www.ethz.ch
Elizabethtown College,www.etown.edu
East Tennessee State University,www.etsu.edu
Eureka College,www.eureka.edu
University of Evansville,www.evansville.edu
Eastern Virginia Medical School,www.evms.edu
Edward Waters College,www.ewc.edu
Eastern Washington University,www.ewu.edu
Excelsior College,www.excelsior.edu
Fairfield University,www.fairfield.edu
Florida Agricultural and Mechanical University,www.famu.edu
SUNY College of Technology at Farmingdale [Farmingdale State University],www.farmingdale.edu
Friedrich-Alexander Universitat Erlangen-Nurnberg,www.fau.de
Florida Atlantic University,www.fau.edu
Faulkner University,www.faulkner.edu
Fairleigh Dickinson University,www.fdu.edu
Pennsylvania State University Fayette,www.fe.psu.edu
Felician College,www.felician.edu
Ferris State University,www.ferris.edu
Ferrum College,www.ferrum.edu
Florida Gulf Coast University,www.fgcu.edu
Fachhochschule Koln,www.fh-koeln.de
Fachhochschule Aachen,www.fh-aachen.de
Fort Hays State University,www.fhsu.edu
Freed-Hardeman University,www.fhu.edu
Fielding Graduate Institute,www.fielding.edu
The University of Findlay,www.findlay.edu
Finlandia University,www.finlandia.edu
Fisk University,www.fisk.edu
Florida Institute of Technology,www.fit.edu
Fitchburg State College,www.fitchburgstate.edu
SUNY Fashion Institute of Technology,www.fitnyc.edu
Florida International University,www.fiu.edu
Flagler College,www.flagler.edu
Florida College,www.floridacollege.edu
Florida Southern College,www.flsouthern.edu
Southern College,www.flsouthern.edu
Francis Marion University,www.fmarion.edu
Florida Memorial College,www.fmuniv.edu
Fordham University,www.fordham.edu
Fort Lewis College,www.fortlewis.edu
Framingham State College,www.framingham.edu
Franciscan University of Steubenville,www.franciscan.edu
Franklin University,www.franklin.edu
Franklin College,www.franklincollege.edu
Franklin Pierce College,www.franklinpierce.edu
Fresno Pacific University,www.fresno.edu
California State University Fresno,www.fresnostate.edu
Friends University,www.friends.edu
Frostburg State University,www.frostburg.edu
Florida State University,www.fsu.edu
Five Towns College,www.ftc.edu
Freie Universitat Berlin,www.fu-berlin.de
California State University Fullerton,www.fullerton.edu
Pennsylvania State University McKeesport,www.ga.psu.edu
Gallaudet University,www.gallaudet.edu
Gannon University,www.gannon.edu
Gardner-Webb University,www.gardner-webb.edu
Georgia Institute of Technology,www.gatech.edu
Goldey-Beacom College,www.gbc.edu
Great Basin College,www.gbcnv.edu
Grace Bible College,www.gbcol.edu
City University of New York Graduate School and University Center,www.gc.cuny.edu
Georgia College and State University,www.gcsu.edu
Grand Canyon University,www.gcu.edu
SUNY College at Geneseo,www.geneseo.edu
Geneva College,www.geneva.edu
Georgetown University,www.georgetown.edu
Georgetown College,www.georgetowncollege.edu
Georgian Court College,www.georgian.edu
Georgia Southern University,www.georgiasouthern.edu
Golden Gate University,www.ggu.edu
George Mason University,www.gmu.edu
Gonzaga University,www.gonzaga.edu
Gordon College,www.gordon.edu
Goshen College,www.goshen.edu
Mount Vernon Nazarene University,www.gotomvnu.com
Goucher College,www.goucher.edu
Governors State University,www.govst.edu
Grace College,www.grace.edu
Grace University,www.graceuniversity.edu
Greensboro College,www.greensboro.edu
University of Pittsburgh Greensburg,www.greensburg.pitt.edu
Greenville College,www.greenville.edu
Georgia State University,www.gsu.edu
Guilford College,www.guilford.edu
Grand Valley State University,www.gvsu.edu
George Washington University at Mount Vernon College,www.gwu.edu
Hamilton College,www.hamilton.edu
Hamline University,www.hamline.edu
Hampshire College,www.hampshire.edu
Hampton University,www.hamptonu.edu
Hogeschool van Arnhem en Nijmegen,www.han.nl
Hanover College,www.hanover.edu
Harding University,www.harding.edu
University of Hartford,www.hartford.edu
Hartwick College,www.hartwick.edu
Harvard University,www.harvard.edu
Haskell Indian Nations University,www.haskell.edu
Haverford College in Pennsylvania,www.haverford.edu
Fachhochschule Bonn-Rhein-Sieg,www.h-brs.de
Houston Baptist University,www.hbu.edu
Holy Cross College,www.hcc-nd.edu
Oklahoma State University Center for Health Sciences,www.healthscience...
Ecole des Hautes Etudes Commerciales,www.hec.fr
Ecole des Hautes Etudes Industrielles de Lille,www.hei.fr
Heidelberg College,www.heidelberg.edu
Hendrix College,www.hendrix.edu
Heritage University,www.heritage.edu
Hesston College,www.hesston.edu
Bergen University College,www.hib.no
High Point University,www.highpoint.edu
Hilbert College,www.hilbert.edu
Hillsdale College,www.hillsdale.edu
Hiram College,www.hiram.edu
Hope International University,www.hiu.edu
Pennsylvania State University Hazleton,www.hn.psu.edu
Holy Names University,www.hnu.edu
Hofstra University,www.hofstra.edu
Hollins University,www.hollins.edu
College of the Holy Cross,www.holycross.edu
Hood College,www.hood.edu
Hope College,www.hope.edu
Houghton College,www.houghton.edu
Hawaii Pacific University,www.hpu.edu
Howard Payne University,www.hputx.edu
Hochschule Bremerhaven,www.hs-bremerhaven.de
Hampden-Sydney College,www.hsc.edu
Hochschule Esslingen,www.hs-esslingen.de
Henderson State University,www.hsu.edu
Hardin-Simmons University,www.hsutx.edu
Fachhochschule Ravensburg-Weingarten,www.hs-weingarten.de
Fachhochschule fur Technik und Wirtschaft Berlin,www.htw-berlin.de
University of Huddersfield,www.hud.ac.uk
Hult International Business School,www.hult.edu
Humboldt State University,www.humboldt.edu
Humphreys College,www.humphreys.edu
City University of New York Hunter College,www.hunter.cuny.edu
Huntingdon College,www.huntingdon.edu
Huntington University,www.huntington.edu
Hobart and William Smith Colleges,www.hws.edu
Iowa State University,www.iastate.edu
Illinois College,www.ic.edu
International College,www.ic.edu.lb
Imperial College London,www.imperial.ac.uk
Indiana University-Bloomington,www.indiana.edu
Indiana Institute of Technology,www.indianatech.edu
Indiana State University,www.indstate.edu
Indiana Wesleyan University,www.indwes.edu
Iona College,www.iona.edu
Indiana University/Purdue University at Fort Wayne,www.ipfw.edu
Idaho State University,www.isu.edu
Interdenominational Theological Center,www.itc.edu
Ithaca College,www.ithaca.edu
Indiana University-East,www.iue.edu
Indiana University-Kokomo,www.iuk.edu
Indiana University-Northwest,www.iun.edu
Indiana University of Pennsylvania,www.iup.edu
Indiana University/Purdue University at Columbus,www.iupuc.edu
Indiana University/Purdue University at Indianapolis,www.iupui.edu
Indiana University-Southeast,www.ius.edu
Indiana University-South Bend,www.iusb.edu
Iowa Wesleyan College,www.iwc.edu
Illinois Wesleyan University,www.iwu.edu
Jarvis Christian College,www.jarvis.edu
John Brown University,www.jbu.edu
Jefferson College of Health Sciences,www.jchs.edu
Johnson C. Smith University,www.jcsu.edu
Thomas Jefferson University,www.jefferson.edu
William Jessup University,www.jessup.edu
John F. Kennedy University,www.jfku.edu
Johns Hopkins University,www.jhu.edu
City University of New York John Jay College of Criminal Justice,www.jjay.cuny.edu
James Madison University,www.jmu.edu
Johnson Bible College,www.johnsonu.edu
Jones International University,www.jones.com
Jones College,www.jones.edu
Johnson State College,www.jsc.edu
Jacksonville State University,www.jsu.edu
Jackson State University,www.jsums.edu
Jacksonville University,www.ju.edu
Judson College,www.judson.edu
The Juilliard School,www.juilliard.edu
Johnson and Wales University,www.jwu.edu
Kaplan University,www.kaplanuniversity.edu
DeVry University-Kansas City,www.kc.devry.edu
Kendall College of Art and Design,www.kcad.edu
King's College London - University of London,www.kcl.ac.uk
Kentucky Christian University,www.kcu.edu
Kean University,www.kean.edu
Keene State College,www.keene.edu
Keiser College,www.keiseruniversity.edu
Kendall College,www.kendall.edu
Kennesaw State University,www.kennesaw.edu
Kent State University,www.kent.edu
Kenyon College,www.kenyon.edu
Kettering University,www.kettering.edu
King College,www.king.edu
Kings College,www.kings.edu
Karlsruhe Institute of Technology,www.kit.edu
Knox College,www.knox.edu
Knoxville College,www.knoxvillecollege.edu
Kansas State University,www.k-state.edu
KTH Royal Institute of Technology,www.kth.se
University of Kansas,www.ku.edu
Katholieke Universiteit Leuven,www.kuleuven.be
University of Kansas Medical Center,www.kumc.edu
Kutztown University of Pennsylvania,www.kutztown.edu
Kansas Wesleyan University,www.kwu.edu
Kalamazoo College,www.kzoo.edu
Lafayette College,www.lafayette.edu
LaGrange College,www.lagrange.edu
Lake Forest College,www.lakeforest.edu
Lake Forest Graduate School of Management,www.lakeforestmba.edu
Lakeview College of Nursing,www.lakeviewcol.edu
Lamar University,www.lamar.edu
Lander University,www.lander.edu
Lane College,www.lanecollege.edu
Langston University,www.langston.edu
La Roche College,www.laroche.edu
Lasell College,www.lasell.edu
Louisiana Tech University,www.latech.edu
DeVry University-Long Beach,www.lb.devry.edu
Lewis and Clark College,www.lclark.edu
Lubbock Christian University,www.lcu.edu
Lake Erie College,www.lec.edu
University of Leeds,www.leeds.ac.uk
Lee University,www.leeuniversity.edu
City University of New York Lehman College,www.lehman.cuny.edu
Le Moyne College,www.lemoyne.edu
LeTourneau University,www.letu.edu
Lewis University,www.lewisu.edu
Lexington Theological Seminary,www.lextheo.edu
Lock Haven University of Pennsylvania,www.lhup.edu
Liberty University,www.liberty.edu
Life University,www.life.edu
Laboratory Institute of Merchandising,www.limcollege.edu
Lincoln Christian College and Seminary,www.lincolnchristian.edu
Lincoln University,www.lincolnu.edu
Lindsey Wilson College,www.lindsey.edu
Lipscomb University,www.lipscomb.edu
Long Island University,www.liu.edu
Long Island University Brooklyn Campus,www.liu.edu
Long Island University Westchester Campus,www.liu.edu
Linkoping University,www.liu.se
Livingstone College,www.livingstone.edu
Loma Linda University,www.llu.edu
Lees-McRae College,www.lmc.edu
Loyola Marymount University,www.lmu.edu
Lincoln Memorial University,www.lmunet.edu
LeMoyne-Owen College,www.loc.edu
University of London,www.lon.ac.uk
Longwood University,www.longwood.edu
Louisburg College,www.louisburg.edu
University of Louisiana Lafayette,www.louisiana.edu
Lourdes College,www.lourdes.edu
Loyola University New Orleans,www.loyno.edu
Loyola College,www.loyola.edu
Lenoir-Rhyne College,www.lr.edu
Lake Superior State University,www.lssu.edu
Lutheran School of Theology at Chicago,www.lstc.edu
Louisiana State University Baton Rouge,www.lsu.edu
Louisiana State University Alexandria,www.lsua.edu
Louisiana State University Health Sciences Center,www.lsuhsc.edu
Louisiana State University Shreveport,www.lsus.edu
Lawrence Technological University,www.ltu.edu
Loyola University Chicago,www.luc.edu
Pennsylvania State University Lehigh Valley,www.lv.psu.edu
Lynchburg College,www.lynchburg.edu
Lynn University,www.lynn.edu
Lyon College,www.lyon.edu
McMurray College,www.mac.edu
Mid-America Christian University,www.macu.edu
Roanoke Bible College,www.macuniversity.edu
Madonna University,www.madonna.edu
Magnolia Bible College,www.magnolia.edu
Malone College,www.malone.edu
University of Manchester,www.manchester.ac.uk
Manchester College,www.manchester.edu
Mansfield University of Pennsylvania,www.mansfield.edu
Marian College,www.marian.edu
Marian College of Fond du Lac,www.marianuniversity.edu
Marietta College,www.marietta.edu
Marist College,www.marist.edu
Massachusetts Maritime Academy,www.maritime.edu
Marquette University,www.marquette.edu
Marshall University,www.marshall.edu
Martin University,www.martin.edu
Martin Methodist College,www.martinmethodist.edu
Marygrove College,www.marygrove.edu
Marylhurst University,www.marylhurst.edu
Marymount University,www.marymount.edu
Maryville College,www.maryvillecollege.edu
Institute of Textile Technology,www.maschinenbau.rwth-aachen.de
Massachusetts College of Art,www.massart.edu
The Master's College,www.masters.edu
Mary Baldwin College,www.mbc.edu
Maranatha Baptist Bible College,www.mbu.edu
Mississippi College,www.mc.edu
Manhattan Christian College,www.mccks.edu
McDaniel College,www.mcdaniel.edu
McGill University,www.mcgill.ca
McKendree College,www.mckendree.edu
Massachusetts College of Liberal Arts,www.mcla.edu
North Adams State College,www.mcla.edu
McMaster University,www.mcmaster.ca
McNeese State University,www.mcneese.edu
Metropolitan College of New York,www.mcny.edu
McPherson College,www.mcpherson.edu
Massachuetts College of Pharmacy and Health Sciences,www.mcphs.edu
Marine Corps University,www.mcu.usmc.mil
United States Marine Corps University,www.mcu.usmc.mil
Medical College of Wisconsin,www.mcw.edu
University of Texas M.D. Anderson Cancer Center,www.mdanderson.org
City University of New York Medger Evers College,www.mec.cuny.edu
Maine College of Art,www.meca.edu
Medaille College,www.medaille.edu
Lambuth University,www.memphis.edu
University of Memphis,www.memphis.edu
Menlo College,www.menlo.edu
Mercer University,www.mercer.edu
Mercy College,www.mercy.edu
Meredith College,www.meredith.edu
Methodist College,www.methodistcol.edu
Metropolitan State University,www.metrostate.edu
Macon State College,www.mga.edu
Mars Hill College,www.mhu.edu
Miami University of Ohio,www.miamioh.edu
"Maryland institute, College of Art",www.mica.edu
Midwestern University,www.midwestern.edu
Monterey Institute of International Studies,www.miis.edu
Miles College,www.miles.edu
Millersville University of Pennsylvania,www.millersville.edu
Milligan College,www.milligan.edu
Millikin University,www.millikin.edu
Mills College,www.mills.edu
Millsaps College,www.millsaps.edu
Colorado School of Mines,www.mines.edu
College Misericordia,www.misericordia.edu
Missouri State University,www.missouristate.edu
Missouri Western State University,www.missouriwestern.edu
Meharry Medical College,www.mmc.edu
Marymount College,www.mmm.edu
Marymount Manhattan College,www.mmm.edu
"Minnesota State University, Moorhead",www.mnstate.edu
"Minnesota State University, Mankato",www.mnsu.edu
Mid-America Nazarene College,www.mnu.edu
Missouri Baptist College,www.mobap.edu
Molloy College,www.molloy.edu
Monash University,www.monash.edu
Monmouth University,www.monmouth.edu
Monmouth College,www.monmouthcollege.edu
Monroe College,www.monroecollege.edu
Montana State University Bozeman,www.montana.edu
Montclair State University,www.montclair.edu
University of Montevallo,www.montevallo.edu
Montreat College,www.montreat.edu
Moody Bible Institute,www.moody.edu
Morehead State University,www.moreheadstate.edu
Morehouse College,www.morehouse.edu
Morgan State University,www.morgan.edu
University of Minnesota Morris,www.morris.umn.edu
Mount Ida College,www.mountida.edu
College of Mount St. Vincent,www.mountsaintvincent.edu
Mount Union College,www.mountunion.edu
Missouri Valley College,www.moval.edu
College of Mount St. Joseph,www.msj.edu
Morehouse School of Medicine,www.msm.edu
Mount Saint Mary College,www.msmc.edu
Manhattan School of Music,www.msmnyc.edu
Mount St. Mary's College,www.msmu.edu
Milwaukee School of Engineering,www.msoe.edu
Mississippi State University,www.msstate.edu
Missouri Southern State University,www.mssu.edu
University of Missouri Rolla,www.mst.edu
Montana State University Billings,www.msubillings.edu
University of Montana - Montana Tech,www.mtech.edu
Mount Holyoke College,www.mtholyoke.edu
Mount Mary College,www.mtmary.edu
Middle Tennessee State University,www.mtsu.edu
Michigan Technological University,www.mtu.edu
Maharishi University of Management,www.mum.edu
Memorial University of Newfoundland,www.mun.ca
Murray State University,www.murraystate.edu
Medical University of South Carolina,www.musc.edu
Muskingum College,www.muskingum.edu
Mississippi University for Women,www.muw.edu
Manhattanville College,www.mville.edu
Mississippi Valley State University,www.mvsu.edu
Midwestern State University,www.mwsu.edu
Union Institute and University,www.myunion.edu
Naropa Institute,www.naropa.edu
Northern Arizona University,www.nau.edu
Nazarene Bible College,www.nbc.edu
North Carolina A and T State University,www.ncat.edu
North Carolina Central University,www.nccu.edu
New College of Florida,www.ncf.edu
North Carolina State University,www.ncsu.edu
Northcentral University,www.ncu.edu
North Carolina Wesleyan College,www.ncwc.edu
University of Notre Dame,www.nd.edu
College of Notre Dame of Maryland,www.ndm.edu
Notre Dame de Namur University,www.ndnu.edu
North Dakota State University,www.ndsu.edu
National Defense University,www.ndu.edu
New England College,www.nec.edu
Northeastern Illinois University,www.neiu.edu
Ecole Superieure de Commerce de Reims,www.neoma-bs.fr
Northeastern Ohio Universities College of Medicine,www.neomed.edu
Rutgers University Newark,www.newark.rutgers.edu
Newbury College,www.newbury.edu
University of New Haven,www.newhaven.edu
SUNY College at New Paltz,www.newpaltz.edu
New School University,www.newschool.edu
Parsons School of Design,www.newschool.edu
National Hispanic University,www.nhu.edu
Niagara University,www.niagara.edu
Joint Military Intelligence College,www.ni-u.edu
Northern Illinois University,www.niu.edu
New Jersey City University,www.njcu.edu
New Jersey Institute of Technology,www.njit.edu
Pennsylvania State University New Kensington,www.nk.psu.edu
Northern Kentucky University,www.nku.edu
National-Louis University,www.nl.edu
National Labor College,www.nlc.edu
New Mexico State University,www.nmsu.edu
New Mexico Institute of Mining and Technology,www.nmt.edu
Northern Michigan University,www.nmu.edu
New Orleans Baptist Theological Seminary,www.nobts.edu
North Central University,www.northcentral.edu
Northeastern University,www.northeastern.edu
Northern State University,www.northern.edu
North Park University,www.northpark.edu
Northwestern University,www.northwestern.edu
Northwest University,www.northwestu.edu
Northwood University,www.northwood.edu
Notre Dame College,www.notredamecollege.edu
Nova Southeastern University,www.nova.edu
Naval Postgraduate School,www.nps.edu
Norfolk State University,www.nsu.edu
Northwestern State University of Louisiana,www.nsula.edu
Northeastern State University Broken Arrow campus,www.nsuok.edu
Northeastern State University Muskogee campus,www.nsuok.edu
Norwegian University of Science and Technology,www.ntnu.no
Nanyang Technological University,www.ntu.edu.sg
National University,www.nu.edu
National University of Health Sciences,www.nuhs.edu
Northwestern College,www.nwciowa.edu
Northwestern College of Iowa,www.nwciowa.edu
Northwest Missouri State University,www.nwmissouri.edu
Northwestern Oklahoma State University,www.nwosu.edu
Nyack College,www.nyack.edu
New York College of Podiatric Medicine,www.nycpm.edu
New York Institute of Technology,www.nyit.edu
New York Medical College,www.nymc.edu
New York University,www.nyu.edu
Oakland City University,www.oak.edu
Oak Hills Christian College,www.oakhills.edu
Oakland University,www.oakland.edu
Oakwood College,www.oakwood.edu
Oberlin College,www.oberlin.edu
Ouachita Baptist University,www.obu.edu
Oklahoma Christian University of Science and Arts,www.oc.edu
Old Dominion University,www.odu.edu
Oglethorpe University,www.oglethorpe.edu
Ohio University,www.ohio.edu
Circleville Bible College,www.ohiochristian.edu
Ohio Dominican University,www.ohiodominican.edu
Oregon Health Sciences University,www.ohsu.edu
Oregon Graduate Institute of Science and Technology,www.oit.edu
Oregon Institute of Technology,www.oit.edu
Oklahoma Baptist University,www.okbu.edu
Oklahoma City University,www.okcu.edu
Oklahoma Wesleyan University,www.okwu.edu
SUNY College at Old Westbury,www.oldwestbury.edu
University of Mississippi,www.olemiss.edu
Olivet Nazarene University,www.olivet.edu
Olivet College,www.olivetcollege.edu
Our Lady of the Lake University,www.ollusa.edu
SUNY College at Oneonta,www.oneonta.edu
Ohio Northern University,www.onu.edu
Oklahoma Panhandle State University,www.opsu.edu
Oral Roberts University,www.oru.edu
Oblate School of Theology,www.ost.edu
Ohio State University Columbus,www.osu.edu
Oklahoma State University Tulsa,www.osu-tulsa.okstate.edu
SUNY College at Oswego,www.oswego.edu
University of Otago,www.otago.ac.nz
Otis College of Art and Design,www.otis.edu
Ottawa University,www.ottawa.edu
Otterbein College,www.otterbein.edu
University of Oklahoma,www.ou.edu
University of Oklahoma Health Sciences Center,www.ouhsc.edu
Ohio Valley College,www.ovu.edu
Ohio Wesleyan University,www.owu.edu
Occidental College,www.oxy.edu
University of the Ozarks,www.ozarks.edu
Pace University,www.pace.edu
University of the Pacific,www.pacific.edu
Pacifica Graduate Institute,www.pacifica.edu
Pacific Oaks College,www.pacificoaks.edu
Paine College,www.paine.edu
Park University,www.park.edu
Paul Smith's College,www.paulsmiths.edu
Palm Beach Atlantic University,www.pba.edu
Florida State University Panama City campus,www.pc.fsu.edu
Pennsylvania State University College of Technology,www.pct.edu
Portland State University,www.pdx.edu
Peace College,www.peace.edu
Pennsylvania State University College of Medicine,www.pennstatehershey.org
Pepperdine University,www.pepperdine.edu
Peru State College,www.peru.edu
Pfeiffer University,www.pfeiffer.edu
Philander Smith College,www.philander.edu
Philadelphia University,www.philau.edu
University of Phoenix,www.phoenix.edu
DeVry University-Phoenix,www.phx.devry.edu
Piedmont College,www.piedmont.edu
Piedmont Baptist College,www.piedmontu.edu
Pittsburg State University,www.pittstate.edu
SUNY College at Plattsburgh,www.plattsburgh.edu
Pacific Lutheran University,www.plu.edu
University of Plymouth,www.plymouth.ac.uk
Plymouth State College,www.plymouth.edu
Purdue University North Central,www.pnc.edu
Point Loma Nazarene University,www.pointloma.edu
Polytechnic Institute of Milan,www.polimi.it
Polytechnic Institute of Turin,www.polito.it
Ecole Polytechnique,www.polytechnique.edu
SUNY College at Potsdam,www.potsdam.edu
Paul Quinn College,www.pqc.edu
Pratt Institute,www.pratt.edu
Prescott College,www.prescott.edu
Princeton University,www.princeton.edu
Principia College,www.principiacollege.edu
Pennsylvania State University,www.psu.edu
Pennsylvania State University Commonwealth College,www.psu.edu
Pennsylvania State University University Park [main campus],www.psu.edu
Church of God Theological Seminary,www.ptseminary.net
Pacific Union College,www.puc.edu
University of Puget Sound,www.pugetsound.edu
Phillips University [closed July 1998],www.pulf.org
SUNY College at Purchase,www.purchase.edu
Purdue University,www.purdue.edu
Texas A and M University Prairie View AandM University,www.pvamu.edu
City University of New York Queens College,www.qc.cuny.edu
Queens University of Charlotte,www.queens.edu
Queen's University,www.queensu.ca
Quincy University,www.quincy.edu
Quinnipiac College,www.quinnipiac.edu
Radford University,www.radford.edu
Ramapo College,www.ramapo.edu
Pardee RAND Graduate School,www.rand.org
Randolph-Macon Woman's College,www.randolphcollege.edu
Rochester College,www.rc.edu
University of Redlands,www.redlands.edu
Reed College,www.reed.edu
Regent University,www.regent.edu
Regis University,www.regis.edu
Reinhardt College,www.reinhardt.edu
The Robert Gordon University,www.rgu.ac.uk
Rensselaer at Hartford,www.rh.edu
Rhodes College,www.rhodes.edu
Rhode Island College,www.ric.edu
Rice University,www.rice.edu
University of Richmond,www.richmond.edu
Rider University,www.rider.edu
Ringling School of Art and Design,www.ringling.edu
University of Rio Grande,www.rio.edu
Rhode Island School of Design,www.risd.edu
Rochester Institute of Technology,www.rit.edu
Rivier College,www.rivier.edu
Randolph-Macon College,www.rmc.edu
Rocky Mountain College of Art and Design,www.rmcad.edu
Robert Morris College,www.robertmorris.edu
Roberts Wesleyan College,www.roberts.edu
University of Rochester,www.rochester.edu
The Rockefeller University,www.rockefeller.edu
Rockford College,www.rockford.edu
Rollins College,www.rollins.edu
Roosevelt University,www.roosevelt.edu
Rose-Hulman Institute of Technology,www.rose-hulman.edu
Rosemont College,www.rosemont.edu
Rowan University,www.rowan.edu
Rogers State University,www.rsu.edu
Radboud Universiteit Nijmegen,www.ru.nl
Rijksuniversiteit Groningen,www.rug.nl
Ruhr-Universitat Bochum,www.ruhr-uni-bochum.de
Rush University,www.rushu.rush.edu
Rust College,www.rustcollege.edu
Rutgers University,www.rutgers.edu
Rheinisch Westfalische Technische Hochschule Aachen,www.rwth-aachen.de
St. Andrews Presbyterian College,www.sa.edu
Saint Anthony College of Nursing,www.sacn.edu
Sacred Heart University,www.sacredheart.edu
Southwestern Assemblies of God University,www.sagu.edu
School of the Art Institute of Chicago,www.saic.edu
Saint Joseph's College,www.saintjoe.edu
St. Joseph College,www.saintjoe.edu
St. Joseph's College,www.saintjoe.edu
Saint Leo College,www.saintleo.edu
Saint Mary's College,www.saintmarys.edu
Saint Paul's College,www.saintpauls.edu
Saint Peter's College,www.saintpeters.edu
Salem College,www.salem.edu
Salem State College,www.salemstate.edu
Salisbury University,www.salisbury.edu
Pennsylvania College of Optometry,www.salus.edu
Samford University,www.samford.edu
Samuel Merritt College,www.samuelmerritt.edu
University of San Diego,www.sandiego.edu
Sarah Lawrence College,www.sarahlawrence.edu
Savannah State University,www.savannahstate.edu
Saybrook Graduate School and Research Center,www.saybrook.edu
Sweet Briar College,www.sbc.edu
Southern Baptist Theological Seminary,www.sbts.edu
St. Bonaventure University,www.sbu.edu
University of South Carolina,www.sc.edu
University of South Carolina Columbia,www.sc.edu
Atlanta College of Art,www.scad.edu
Savannah College of Art and Design,www.scad.edu
Schreiner University,www.schreiner.edu
Southern California Institute of Architecture,www.sciarc.edu
Southern College of Optometry,www.sco.edu
South Carolina State University,www.scsu.edu
Jesuit School of Theology at Berkeley,www.scu.edu
Santa Clara University,www.scu.edu
Soujourner-Douglass College,www.sdc.edu
South Dakota School of Mines and Technology,www.sdsmt.edu
South Dakota State University,www.sdstate.edu
San Diego State University,www.sdsu.edu
Southeastern Oklahoma State University,www.se.edu
Seattle University,www.seattleu.edu
Southeastern Bible College,www.sebc.edu
Southeast Missouri State University,www.semo.edu
Southeastern University,www.seu.edu
University of the South,www.sewanee.edu
Stephen F. Austin State University,www.sfasu.edu
Saint Francis College,www.sfc.edu
San Francisco State University,www.sfsu.edu
Simon Fraser University,www.sfu.ca
Pennsylvania State University Great Valley,www.sgps.psu.edu
Shawnee State University,www.shawnee.edu
Shaw University,www.shawu.edu
Spring Hill College,www.shc.edu
University of Sheffield,www.sheffield.ac.uk
Sheldon Jackson College,www.sheldonjackson.edu
Pennsylvania State University Shenango,www.shenango.psu.edu
Shimer College,www.shimer.edu
Shippensburg University of Pennsylvania,www.ship.edu
Shorter College,www.shortercollege.edu
Sam Houston State University,www.shsu.edu
Seton Hall University,www.shu.edu
Siena College,www.siena.edu
Sierra Nevada College,www.sierranevada.edu
Simmons College,www.simmons.edu
College for Lifelong Learning,www.sinclair.edu
Southern Illinois University Edwardsville,www.siue.edu
St. John's College-Annapolis,www.sjc.edu
St. John Fisher College,www.sjfc.edu
San Jose State University,www.sjsu.edu
Saint Joseph's University,www.sju.edu
Saint John Vianney College Seminary,www.sjvcs.edu
Skidmore College,www.skidmore.edu
Pennsylvania State University Schuylkill,www.sl.psu.edu
Saint Louis University,www.slu.edu
St. Mary's College of Maryland,www.smcm.edu
Smith College,www.smith.edu
Southwest Minnesota State University,www.smsu.edu
Southern Methodist University,www.smu.edu
Saint Mary's University of Minnesota,www.smumn.edu
Saint Mary-of-the-Woods College,www.smwc.edu
Pennsylvania State University Worthington Scranton,www.sn.psu.edu
Southern New Hampshire University,www.snhu.edu
Institute of Transpersonal Psychology,www.sofia.edu
Soka University of America,www.soka.edu
Sonoma State University,www.sonoma.edu
Southern Oregon University,www.sou.edu
University of South Alabama,www.southalabama.edu
University of Southampton,www.southampton.ac.uk
South College,www.southcollegetn.edu
Southeastern Louisiana University,www.southeastern.edu
Southern Adventist University,www.southern.edu
Southern Connecticut State University,www.southernct.edu
South University,www.southuniversity.edu
Southwestern University,www.southwestern.edu
St. Petersburg College,www.spcollege.edu
Spelman College,www.spelman.edu
Spertus Institute of Jewish Studies,www.spertus.edu
Springfield College,www.springfieldcollege.edu
Southern Polytechnic State University,www.spsu.edu
Slippery Rock University of Pennsylvania,www.sru.edu
St. Thomas Aquinas College,www.stac.edu
Stanford University,www.stanford.edu
St. Augustine's College,www.st-aug.edu
South Texas College of Law,www.stcl.edu
St. Cloud State University,www.stcloudstate.edu
St. Edward's University,www.stedwards.edu
Sterling College,www.sterling.edu
Stetson University,www.stetson.edu
Stevens Institute of Technology,www.stevens.edu
Villa Julie College,www.stevenson.edu
Saint Francis University,www.stfrancis.edu
University of Saint Francis,www.stfrancis.edu
University of St. Francis,www.stfrancis.edu
St. Gregory's University,www.stgregorys.edu
Stillman College,www.stillman.edu
Saint John's University,www.stjohns.edu
St. John's University,www.stjohns.edu
St. Lawrence University,www.stlawu.edu
St. Martin's College,www.stmartin.edu
St. Mary's Seminary and University,www.stmarys.edu
Saint Mary's College of California,www.stmarys-ca.edu
St. Mary's University of San Antonio,www.stmarytx.edu
Richard Stockton College of New Jersey,www.stockton.edu
Stonehill College,www.stonehill.edu
Long Island University Southampton College,www.stonybrook.edu
SUNY Stony Brook,www.stonybrook.edu
Baltimore International College,www.stratford.edu
University of Strathclyde,www.strath.ac.uk
Strayer University,www.strayer.edu
College of Saint Rose,www.strose.edu
University of Saint Thomas,www.stthomas.edu
St. Thomas University,www.stu.edu
Shenandoah University,www.su.edu
Stockholm University,www.su.se
Southern University Baton Rouge,www.subr.edu
Suffolk University,www.suffolk.edu
Sul Ross State University,www.sulross.edu
University of Surrey,www.surrey.ac.uk
Southern Utah University,www.suu.edu
School of Visual Arts,www.sva.edu
Saginaw Valley State University,www.svsu.edu
Swarthmore College,www.swarthmore.edu
Southwestern Adventist University,www.swau.edu
Southwestern Christian College,www.swcc.edu
Southwestern College,www.swccd.edu
Southwestern University School of Law,www.swlaw.edu
Southwestern Oklahoma State University,www.swosu.edu
St. Xavier University,www.sxu.edu
Syracuse University,www.syr.edu
University of Washington Tacoma campus,www.tacoma.uw.edu
William Howard Taft University,www.taftu.edu
Talladega College,www.talladega.edu
Texas A and M University Baylor College of Dentistry,www.tambcd.edu
Texas A and M University Texas AandM International University [Laredo],www.tamiu.edu
Texas A and M University College Station,www.tamu.edu
Texas A and M University Commerce,www.tamuc.edu
Texas A and M University Corpus Christi,www.tamucc.edu
Texas A and M University Galveston,www.tamug.edu
Texas A and M University Kingsville,www.tamuk.edu
Texas A and M University Texarkana,www.tamut.edu
Texas A and M University Tarleton State University,www.tarleton.edu
Taylor University,www.taylor.edu
"Teachers College, Columbia University",www.tc.columbia.edu
Texas Christian University,www.tcu.edu
Temple University,www.temple.edu
Thomas Edison State College,www.tesc.edu
Texas College,www.texascollege.edu
Toccoa Falls College,www.tfc.edu
American College,www.theamericancollege.edu
The Chicago School of Professional Psychology,www.thechicagoschool.e...
Fachhochschule Ingolstadt,www.thi.de
Thomas Aquinas College,www.thomasaquinas.edu
Thomas University,www.thomasu.edu
"Thunderbird, The American Graduate School of International Management",www.thunderbird.edu
Tiffin University,www.tiffin.edu
Trinity International University,www.tiu.edu
Trinity Lutheran College,www.tlc.edu
Texas Lutheran University,www.tlu.edu
The Master's Seminary,www.tms.edu
Tennessee State University,www.tnstate.edu
Tennessee Technological University,www.tntech.edu
Tennessee Temple University,www.tntemple.edu
Tougaloo College,www.tougaloo.edu
Touro College,www.touro.edu
Baltimore Hebrew University,www.towson.edu
Towson University,www.towson.edu
Trevecca Nazarene University,www.trevecca.edu
Washington State University Tri-Cities campus,www.tricity.wsu.edu
Trinity College,www.trincoll.edu
Tri-State University,www.trine.edu
Trinity College of Florida,www.trinitycollege.edu
Trinity Christian College,www.trnty.edu
Troy University [main campus],www.troy.edu
Truett-McConnell College,www.truett.edu
Truman State University,www.truman.edu
Texas Southern University,www.tsu.edu
Texas Tech University,www.ttu.edu
Texas Tech University Health Sciences Center,www.ttuhsc.edu
Technische Universitat Berlin,www.tu-berlin.de
Technische Universitat Chemnitz-Zwickau,www.tu-chemnitz.de
Technische Universitat Darmstadt,www.tu-darmstadt.de
Technische Universiteit Delft,www.tudelft.nl
Universitat Dortmund,www.tu-dortmund....
Technische Universiteit Eindhoven,www.tue.nl
Tufts University,www.tufts.edu
Technische Universitat Hamburg-Harburg,www.tuhh.de
Technische Universitat Ilmenau,www.tu-ilmenau.de
Technische Universitat Munchen,www.tum.de
Tusculum College,www.tusculum.edu
Tuskegee University,www.tuskegee.edu
Tennessee Wesleyan College,www.twcnet.edu
Texas Woman's University,www.twu.edu
Texas Chiropractic College,www.txchiro.edu
Texas State University,www.txstate.edu
Texas State University-San Marcos,www.txstate.edu
University of Alabama Tuscaloosa [main campus],www.ua.edu
University of Alabama Birmingham,www.uab.edu
University of Alabama Huntsville,www.uah.edu
University of Akron,www.uakron.edu
University of Arkansas Little Rock,www.ualr.edu
University of Arkansas Monticello,www.uamont.edu
University of Arkansas Medical Sciences,www.uams.edu
University of Arkansas Pine Bluff,www.uapb.edu
University of Arkansas,www.uark.edu
University of Arkansas Fayetteville,www.uark.edu
University of the Arts,www.uarts.edu
University of Baltimore,www.ubalt.edu
University of British Columbia,www.ubc.ca
Bishop's University,www.ubishops.ca
University of Cincinnati,www.uc.edu
University of Calgary,www.ucalgary.ca
University of Colorado Colorado Springs,www.uccs.edu
University of Colorado Denver,www.ucdenver.edu
University of Colorado Health Sciences Center,www.ucdenver.edu
University of Central Florida,www.ucf.edu
University of California Hastings College of the Law,www.uchastings.edu
University of Chicago,www.uchicago.edu
University of California Los Angeles,www.ucla.edu
University of California Merced,www.ucmerced.edu
Central Missouri State University,www.ucmo.edu
University of Central Oklahoma,www.uco.edu
University of California Riverside,www.ucr.edu
University of California Santa Barbara,www.ucsb.edu
University of California Santa Cruz,www.ucsc.edu
University of California San Francisco,www.ucsf.edu
University of Dallas,www.udallas.edu
University of Dayton,www.udayton.edu
University of the District of Columbia,www.udc.edu
University of Delaware,www.udel.edu
University of Detroit Mercy,www.udmercy.edu
University of Florida,www.ufl.edu
University of Georgia,www.uga.edu
Universiteit Gent,www.ugent.be
University of Houston main campus,www.uh.edu
University of Houston Clear Lake,www.uhcl.edu
University of Houston Downtown,www.uhd.edu
University of Houston Victoria,www.uhv.edu
University of Hawaii West Oahu,www.uhwo.hawaii.edu
University of Illinois Chicago,www.uic.edu
University of Idaho,www.uidaho.edu
University of Indianapolis,www.uindy.edu
University of Oslo,www.uio.no
University of Iowa,www.uiowa.edu
University of Illinois Springfield,www.uis.edu
University of Stavanger,www.uis.no
Upper Iowa University,www.uiu.edu
University of the Incarnate Word,www.uiw.edu
University of Kentucky,www.uky.edu
University of Lethbridge,www.uleth.ca
University of Louisiana Monroe,www.ulm.edu
University of Maine Augusta,www.uma.edu
University of Maryland Baltimore,www.umaryland.edu
University of Massachusetts Amherst,www.umass.edu
University of Massachusetts Dartmouth,www.umassd.edu
University of Massachusetts Medical School at Worcester,www.umassmed.edu
University of Massachusetts Boston,www.umb.edu
University of Maryland Baltimore County,www.umbc.edu
University of Mississippi Medical Center,www.umc.edu
University of Maryland College Park,www.umd.edu
University of Maryland Eastern Shore,www.umes.edu
University of Maine Farmington,www.umf.maine.edu
University of Michigan Flint,www.umflint.edu
University of Mary Hardin-Baylor,www.umhb.edu
University of Missouri Kansas City,www.umkc.edu
University of Massachusetts Lowell,www.uml.edu
Mount Olive College,www.umo.edu
Universite de Montreal,www.umontreal.ca
University of Missouri St. Louis,www.umsl.edu
University of Montana-Missoula,www.umt.edu
University of Maryland University College,www.umuc.edu
University of Mary Washington,www.umw.edu
University of North Alabama,www.una.edu
University of New Brunswick,www.unb.ca
University of North Carolina Chapel Hill,www.unc.edu
University of North Carolina Asheville,www.unca.edu
University of North Carolina Charlotte,www.uncc.edu
Fayetteville State University,www.uncfsu.edu
University of North Carolina Greensboro,www.uncg.edu
University of Northern California,www.uncm.edu
University of Northern Colorado,www.unco.edu
University of North Carolina Pembroke,www.uncp.edu
North Carolina School of the Arts,www.uncsa.edu
University of North Florida,www.unf.edu
University of New Hampshire,www.unh.edu
University of Northern Iowa,www.uni.edu
Rheinische Friedrich-Wilhelms Universitat Bonn,www.uni-bonn.de
Universitat Bremen,www.uni-bremen.de
Universitat Duisburg-Essen,www.uni-due.de
Albert-Ludwigs-Universitat Freiburg,www.uni-freiburg.de
Universitat Hamburg,www.uni-hamburg.de
Universitat Hannover,www.uni-hannover.de
Friedrich-Schiller Universitat Jena,www.uni-jena.de
Universitat Kassel,www.uni-kassel.de
Universitat Kaiserslautern,www.uni-kl.de
University of Melbourne,www.unimelb.edu.au
Union College,www.union.edu
Universitat Paderborn,www.uni-paderborn.de
Universitat des Saarlandes,www.uni-saarland.de
Universitat Siegen,www.uni-siegen.de
Universitat Stuttgart,www.uni-stuttgart.de
Universitat Ulm,www.uni-ulm.de
University of Nebraska Kearney,www.unk.edu
University of Nebraska Lincoln,www.unl.edu
University of Nevada-Las Vegas,www.unlv.edu
University of New Mexico,www.unm.edu
University of Nebraska Medical Center,www.unmc.edu
Louisiana State University University of New Orleans,www.uno.edu
University of Northwestern Ohio,www.unoh.edu
University of Nebraska Omaha,www.unomaha.edu
University of Nevada-Reno,www.unr.edu
University of New South Wales,www.unsw.edu.au
University of North Texas,www.unt.edu
University of North Texas Health Science Center at Ft. Worth,www.unthsc.edu
University of Guam,www.uog.edu
University of Guelph,www.uoguelph.ca
University of Ontario Institute of Technology,www.uoit.ca
University of Ottawa,www.uottawa.ca
University of Portland,www.up.edu
University of Pittsburgh Bradford,www.upb.pitt.edu
University of Pennsylvania,www.upenn.edu
University of Pittsburgh Johnstown,www.upj.pitt.edu
University of Puerto Rico System,www.upr.edu
SUNY Upstate Medical University,www.upstate.edu
University of Queensland,www.uq.edu.au
Urbana University,www.urbana.edu
University of Regina,www.uregina.ca
University of Rhode Island,www.uri.edu
Ursuline College,www.ursuline.edu
University of Saskatchewan,www.usask.ca
University of Southern California,www.usc.edu
University of South Carolina Aiken,www.usca.edu
University of South Carolina Beaufort,www.uscb.edu
University of the Sciences in Philadelphia,www.usciences.edu
University of South Carolina Sumter,www.uscsumter.edu
University of South Carolina Upstate,www.uscupstate.edu
University of South Dakota,www.usd.edu
University of South Florida,www.usf.edu
University of Southern Florida,www.usf.edu
University of San Francisco,www.usfca.edu
University of Southern Indiana,www.usi.edu
University of Southern Mississippi,www.usm.edu
United States Merchant Marine Academy,www.usmma.edu
United States Naval Academy,www.usna.edu
Utah State University,www.usu.edu
The Uniformed Services University of the Health Sciences,www.usuhs....
College of the Southwest,www.usw.edu
University of Tampa,www.ut.edu
University of Texas Arlington,www.uta.edu
University of Utah,www.utah.edu
University of Texas Brownsville,www.utb.edu
University of Tennessee Chattanooga,www.utc.edu
University of Texas Dallas,www.utdallas.edu
University of Texas El Paso,www.utep.edu
University of Texas Austin,www.utexas.edu
University of Texas Health Science Center at Houston,www.uth.edu
University of Tennessee Memphis,www.uthsc.edu
University of Texas Health Science Center at San Antonio,www.uthscsa.edu
Utica College of Syracuse University,www.utica.edu
University of Tennessee,www.utk.edu
University of Tennessee Knoxville,www.utk.edu
University of Tennessee Martin,www.utm.edu
University of Texas Medical Branch at Galveston,www.utmb.edu
Medical College of Ohio,www.utoledo.edu
University of Toledo,www.utoledo.edu
University of Texas Pan American,www.utpa.edu
University of Texas Permian Basin,www.utpb.edu
University of Technology Sydney,www.uts.edu.au
University of Texas Southwestern Medical Center at Dallas,www.utsouthwestern.edu
University of Texas Health Center at Tyler,www.utsystem.edu
University of Texas System,www.utsystem.edu
University of Texas Tyler,www.uttyler.edu
Universiteit Twente,www.utwente.nl
Union University,www.uu.edu
Uppsala University,www.uu.se
Universiteit van Amsterdam,www.uva.nl
University of Virginia's College at Wise,www.uvawise.edu
University of Victoria,www.uvic.ca
University of Vermont,www.uvm.edu
Utah Valley State College,www.uvu.edu
University of West Alabama,www.uwa.edu
University of Washington Bothell campus,www.uwb.edu
University of Wisconsin Eau Claire,www.uwec.edu
University of Wisconsin Green Bay,www.uwgb.edu
University of Windsor,www.uwindsor.ca
University of West Los Angeles,www.uwla.edu
University of Wisconsin LaCrosse,www.uwlax.edu
University of Western Ontario,www.uwo.ca
University of Wisconsin Oshkosh,www.uwosh.edu
University of Wisconsin Parkside,www.uwp.edu
University of Wisconsin Platteville,www.uwplatt.edu
University of Wisconsin River Falls,www.uwrf.edu
University of Wisconsin Stevens Point,www.uwsp.edu
University of Wisconsin Stout,www.uwstout.edu
University of Wisconsin Superior,www.uwsuper.edu
University of Wisconsin Whitewater,www.uww.edu
University of Wyoming,www.uwyo.edu
Valdosta State University,www.valdosta.edu
Valparaiso University,www.valpo.edu
Washington State University Vancouver campus,www.vancouver.wsu.edu
Vanderbilt University,www.vanderbilt.edu
Vanguard University of Southern California,www.vanguard.edu
Vassar College,www.vassar.edu
Virginia Commonwealth University,www.vcu.edu
Virginia Intermont College,www.vic.edu
Crichton College,www.victory.edu
Villanova University,www.villanova.edu
University of Virginia,www.virginia.edu
Virginia Military Institute,www.vmi.edu
Virginia State University,www.vsu.edu
Virginia Polytechnic Institute and State University,www.vt.edu
Vermont Technical College,www.vtc.edu
Victoria University Toronto - University of Toronto,www.vusac.ca
Virginia Union University,www.vuu.edu
Virginia Wesleyan College,www.vwc.edu
Wabash College,www.wabash.edu
National Technological University,www.waldenu.edu
Waldorf College,www.waldorf.edu
Walla Walla College,www.wallawalla.edu
Walsh University,www.walsh.edu
Walsh College,www.walshcollege.edu
Warren Wilson College,www.warren-wilson.edu
Washburn University,www.washburn.edu
Washington College,www.washcoll.edu
University of Washington,www.washington.edu
Columbia Union College,www.wau.edu
Pennsylvania State University Wilkes-Barre,www.wb.psu.edu
Williams Baptist College,www.wbcoll.edu
Wayland Baptist University,www.wbu.edu
Western Connecticut State University,www.wcsu.edu
Western Carolina University,www.wcu.edu
West Chester University of Pennsylvania,www.wcupa.edu
Webb Institute,www.webb.edu
Weber State University,www.weber.edu
Webster University,www.webster.edu
Wellesley College,www.wellesley.edu
Wells College,www.wells.edu
Wesley College,www.wesley.edu
Wesleyan University,www.wesleyan.edu
Wesleyan College,www.wesleyancollege.edu
Wesley Theological Seminary,www.wesleyseminary.edu
Western State College,www.western.edu
Western University of Health Sciences,www.westernu.edu
Westfield State College,www.westfield.ma.edu
State University of West Georgia,www.westga.edu
Westminster College,www.westminster-mo.edu
Westmont College,www.westmont.edu
United States Military Academy,www.westpoint.edu
Wake Forest University,www.wfu.edu
Western Governors University,www.wgu.edu
Wheaton College,www.wheaton.edu
Wheelock College,www.wheelock.edu
Whitman College,www.whitman.edu
Whittier College,www.whittier.edu
Whitworth College,www.whitworth.edu
Wichita State University,www.wichita.edu
Widener University,www.widener.edu
Wilberforce University,www.wilberforce.edu
Wiley College,www.wileyc.edu
Wilkes University,www.wilkes.edu
Willamette University,www.willamette.edu
Williams College,www.williams.edu
Wilmington College,www.wilmington.edu
Wilson College,www.wilson.edu
Wingate University,www.wingate.edu
University of Wisconsin,www.wisc.edu
University of Wisconsin Madison,www.wisc.edu
Wentworth Institute of Technology,www.wit.edu
Wittenberg University,www.wittenberg.edu
Western Illinois University,www.wiu.edu
Western Kentucky University,www.wku.edu
Washington and Lee University,www.wlu.edu
College of William and Mary,www.wm.edu
William Carey College,www.wmcarey.edu
William Penn University,www.wmpenn.edu
The College of Wooster,www.wooster.edu
Worcester State College,www.worcester.edu
Worcester Polytechnic Institute,www.wpi.edu
William Paterson University,www.wpunj.edu
Wright State University,www.wright.edu
Wayne State College,www.wsc.edu
Westminster Seminary California,www.wscal.edu
Winston-Salem State University,www.wssu.edu
Western State University College of Law,www.wsulaw.edu
Texas A and M University West Texas AandM University,www.wtamu.edu
Washington Theological Union,www.wtu.edu
West Virginia State University,www.wvstateu.edu
West Virginia University,www.wvu.edu
West Virginia University Institute of Technology,www.wvutech.edu
Western Washington University,www.wwu.edu
Xavier University,www.xavier.edu
Yale University,www.yale.edu
Pennsylvania State University York,www.yk.psu.edu
City University of New York York College,www.york.cuny.edu
Youngstown State University,www.ysu.edu
Yeshiva University,www.yu.edu
Eastern Connecticut State University,www1.easternct.edu
Lehigh University,www1.lehigh.edu
Acadia University,www2.acadiau.ca
Fort Valley State University,www2.fvsu.edu
Howard University,www2.howard.edu
Nazareth College,www2.naz.edu
University of Wisconsin Milwaukee,www4.uwm.edu
